question_id,question_code
78140764-4062-4fa6-938f-1647e5df68ec,
af5afbd8-fc80-4eea-8970-485b4a402247,
52745043-7b30-48d8-bfc3-abb12eb16210,
610474a8-a927-4bbe-9dc8-60211584a7c9,
7795baf4-bb8a-4cbe-88f2-4928f8935f6b,
91446844-abb7-4339-8421-2aebed9e73b4,
6ffe743d-bed5-4868-8375-d76d5becf9bf,
c2b60b01-6b09-47de-a800-6d46190af4f7,
7ab185be-9aed-4663-92c5-590ee0006d99,
f0e1cb68-fa30-496a-b747-9034b8d2dc71,
4ba5cf18-8f1b-46ef-93d6-e7d0db021646,
d1fa458b-9e5d-4d10-995c-0bd7b0ae86a9,
21d0ca69-b321-4070-bd00-8da3683730d6,
e2f41399-86e1-40a9-b41d-f88e2fee4ce4,
3ae42af3-be34-4ba5-842f-049ab8ae47db,
2475349f-9dec-436b-b2b2-1435acac7595,
2e5a1d55-956c-458d-8437-9d75eccceefc,
96378f5a-c27a-43b1-8fe1-c8bfde0fe21d,
387e5f30-1590-4cca-b636-500cbc670fd3,
1dc64d1c-a249-4f1d-af68-f968a8a30d25,
59a92266-1ef2-4071-aaee-e94ac8561186,
6bdd1aab-2ab4-421e-ba8d-5427e39ae85c,
9b881c1f-7adf-476c-8650-15494f05949f,
146225f1-b0d3-407d-888a-e63ab868ab20,
f49a864d-8225-4fce-8082-6e636f5725cc,
6e926f7d-59a9-49a8-9431-69e5ef8bfceb,
0b023441-3636-4c66-99e0-3313840cc7de,
72320947-992c-46e1-b985-0354423cc4d8,
5517aa03-c833-409c-b5b7-1a576beb7d5c,
ed9483a4-4971-4c2a-8d5f-b2ec9a2ffb8f,
1fc63f85-d5b3-448b-8b74-5f9cd58bba3e,
9f1bf012-4f40-4166-b285-4d0b391a12a7,
412374a8-adc2-4a02-bc31-7cf019186d2c,
8eefeca7-85d6-4d49-9a92-662cc72e57ca,
8098bda3-8ff0-40ef-80d7-8e25caca110d,
dd2372b6-3d5d-4900-ae03-dc725790dcc6,
65bfb483-d18b-4f58-a005-52e8d9b56007,
f451333b-b467-4623-8718-2f438ec2b21b,
7128b208-2ac7-45d5-9e6e-c86cd9e7ee8b,
c6beac0b-0fcb-4d8a-97ae-672527841a09,
92dc8e55-3557-433b-a88d-b6ab442c8d46,
113031b4-40aa-4ec7-940e-82f87391c376,
e7241549-f684-4783-98a7-d8fc31e7897c,
2e439e70-d43f-4b61-84ed-a1c2519c9737,
3fed1502-b3b5-4edd-981e-13aa6c46e196,
07da7a3a-258d-46d2-a0f9-afab607271b1,
37cf14ab-50da-4c65-99e7-9e33ea33fbec,
c0eaba5e-49a6-48cd-a0e0-2cb2058b0095,
ba04ba24-6edc-4736-87d0-1db396f792b9,
88650b3c-faee-4b26-ade5-b61e25647a0e,
f152af05-6145-43be-8b1a-cde8b9df153b,
7b669418-da2a-4ca3-8a46-bf33b8b15450,
10f70773-6f33-426f-b751-148700aebf3e,
c24d736c-bfc9-4456-ab3c-d77f33c475e1,
91e2b518-d650-4ad2-8da5-17d9319c8284,
e46359cd-41f1-4b18-acca-ed11082507a9,
5ec43d5e-5bcb-4030-9dff-88b67d93503c,
bf616bd3-c4e0-4138-9bde-8e4c17db67cb,
bac9203f-8e93-41dc-829e-e4a0e33d68df,
02ea3f5a-4725-4358-82b1-3dc627d06ec3,
bb550a69-bc9a-49cc-be44-ba851d8be00f,
6952a236-31e3-4cfd-adad-fc84fd8bd029,
21533e8b-af8a-4ae9-b411-ec98ea48c790,
b993a7d0-291c-45f6-a2ae-aa9bdb14c5af,
3e5d1182-1da1-4de9-a128-b45119575a4e,
6860d6bc-7a38-47ac-a892-347dde2f24f0,
750fb2c6-10a6-4297-99d0-a07e94821130,
bc39c39a-f614-4b91-b260-23e25d82ba5f,
602738d8-91e5-4131-945e-56f659ec3be9,
eee079c7-40ae-4ffa-af80-f75c49d762c8,
47d67137-2727-4c52-98ef-470728d112fd,
e0880bf8-a671-48fe-8bbe-528bea885361,
b96672c7-6e37-4a84-bfd3-4aa997956992,
cd8e8bcd-a174-496a-8cbc-b69e2066c872,
e0bbffbc-d503-4fcc-bf04-0b95690e5969,
28c15303-3756-4ab5-9a45-5531b38531ce,
6546bb7e-a4a4-42c3-8734-1649f8578728,
4cc76393-b15b-42a6-8273-61fe833f727b,
a1f8b0ac-c9aa-4620-a1d3-7ec494ba3c23,
1797b37c-1d21-42a7-ad6b-dc5821eca5f8,
c0ca9fd3-c5e2-4048-87df-9c8424b6e839,
40b7e72b-11d7-4fd3-b3fb-e7652704362d,
42efd10d-101d-4416-be5c-aa49ab4affab,
991f80ec-d03e-4035-babe-c01971d2bc3f,
c38b10c6-07fb-43ce-a6b3-281b6413bb12,
20c071aa-634f-4ace-8197-2f6931f55120,
812acc46-37db-4332-8258-fd2dc7c71a7c,
d2d951d6-038b-49fc-b811-c7fb77f5c214,
fc27a597-22dc-4233-8dd2-89becdecbfd2,
5f31ae6e-88e7-48f3-b09a-720594ffbfd8,
ae1f3d42-aea9-482d-9ce3-8a040d6dfc8f,
22ec5269-1af5-4b53-b60b-a4669d18b84f,
595137c4-3f4e-41a8-b84d-14d102e425bb,
b2bbaabe-5406-4a39-8608-bc6162210b53,
78349839-2e3b-4ed9-a14d-d01f1faf6d68,
81aa5e2a-3588-4ddc-bc88-4f0b3a06023b,
0732b583-49d2-4b76-93eb-17cea84606a8,
dca91350-f755-4e36-9ff2-5baeb7683de1,
1448d991-da11-49af-af8a-a54461ed4b4f,
c91996b3-91ba-4b87-9843-d15b014091ca,
57382395-9ace-4bf4-b8c9-e8d2689428e7,
c7767082-88c1-4446-bf5d-44b1512d18c6,
acdb3bd2-f078-4599-a855-4f61cfa20b94,
7ecb67e5-250f-48d6-a667-169101e021c3,
ee8141b8-b0e2-4728-9b68-eb1c95f5b93f,
cbc4a16c-e52e-4f25-8195-04f9228719ab,
512c0d58-fe33-4a52-8ac1-e233496f8b9a,
b1679c7f-e902-4d2f-849e-2cdf1d72e435,
86f313ef-f6d3-42d2-a601-ea035bc616fa,
94da5f51-caeb-4a99-bf68-602317b31924,
5680b36c-7b79-4ea4-bd5e-1bf230df41df,
2ed2bb2b-c496-4dfe-b3b4-dde8a6ef0acc,
8fe532b5-0b76-4b04-8b26-4f95dd636168,
840ccfe9-a0c2-4787-8786-e7efe8719255,
1a1120e8-5b7b-485d-85cc-d1d64432f269,
25b772ea-3006-43e7-be0d-623cebf6136b,
44f8562c-3e35-4428-bd89-d2115ce54adc,
f5136743-54cb-4356-853c-9191d9a19f93,
df5635ca-761a-4ba4-90f2-764e051aa32a,
d6e2feca-6ae9-4530-b49c-c1087e9c7496,
be2db44a-42e3-46c2-85ef-c39d2c457f7c,
7b7827b3-57de-4fce-b592-5d79b0330270,
5039975f-4c0e-4398-97ef-4671a929063a,
ea5fceea-c0d3-4b7b-879f-66e73642484c,
c7bad6da-b585-4c3f-be84-a0f68eaf8dac,
c5ae7938-d622-466c-be49-b94d0a17e4a2,
eb1eff45-96b4-476c-8b5a-d14d3de5ee90,
6a90c41b-9c25-439c-8adb-d8af2a88c6e5,
91382e70-5023-4410-88c9-349c3d2b3f58,
e6ec949a-cacd-48b9-8acb-6da150c5e8c6,
29d48e46-6edd-42d4-b069-40dee8ba22f2,
e6ef535b-cf21-466d-9e7d-2d559e14215d,
7493e71d-f000-48fb-8ad5-89026227dc6c,
828e0427-26fc-4169-9ea5-61741cad6fd2,
a42fba18-3c4d-4901-85e4-5e7002be9085,
4864d4c6-8533-4795-a413-146633ffe229,
a1d3b704-7600-43f5-ad81-9da665c6c094,
4fdd0d52-287a-4c5a-ad7e-83810c068a43,
ea72513b-fd40-483a-b78b-9e9342db87a0,
4bfeb42e-f255-44ac-9e02-e29d616001ab,
b535b3c1-06b3-42a2-a5d1-55ac9547c1ba,
f7e678a9-593a-49e7-aae8-337bb1fd32a7,
132f465a-4eaf-4663-bae7-4b08d944a888,
b86eaf08-47ac-486e-b56d-90fed16f948f,
0071e6ce-0e8a-47c0-870f-94854e894a61,
abfa3468-0991-4abd-b5e6-69da76a01254,
d07a6bb9-da01-4246-81a6-f8d6c85a72c5,
a79fcaa9-1723-4dda-9ef3-e3b8cdfd41a3,
b803acf7-7c8e-4dbe-8880-4e047236e6c6,
1819a285-f5ca-450c-be30-9456d92278e7,
edb0f15b-3697-4287-9d52-26e379f7b1e1,
a93aee5e-380e-47c0-9f43-3e4528642a6c,
bdcd650b-517f-4ea8-baed-08d588ff52ea,
b9e9ced3-f7c4-4020-b2cd-ec8a2a979884,
d8791b12-76a8-412c-b9db-0c2f61a6a814,
d402db97-6252-4402-9228-8148f02185ca,
45accb4d-c5e0-41fe-b3dd-54f603d528fa,
0234c79c-6a5a-4f76-9431-0357069422bb,
6eeeccc6-a18c-4f43-8a38-332ee263d467,
aad5e523-1a59-4e1f-b60b-5a5be977ede2,
16c3cedb-33e6-4c62-bc29-d9e77298e8ec,
50afb642-6a3f-402a-9d89-e1b5bf66fa8d,
e35833b2-9154-4935-865b-92c815943d20,
fa9057ce-0f70-4ad6-a3a8-6369b7bd3531,
21105438-f056-47de-b7a8-a5daba7f9f6b,
4fc4f36b-3f6a-401f-b900-a2f4fac671bf,
33dfdbab-c024-4d26-996c-e8eb773035ad,
cf7f54c0-acf9-435b-912a-365f6c91a004,
7ccaa1a7-6bdf-4d60-bd47-4c0d85946c59,
8dc5e7ba-69a9-41f8-a14f-37e3fb35d0a8,
9617b4cd-6aa2-4d18-9d7c-54c71d22374a,
49cc19ef-9f62-4302-b0c2-53b276c0d669,
17ca8601-71c6-4344-ba2c-b8d1f530accb,
ea8bbd4f-f825-4ed6-abbe-bad52ac9b73a,
bc79d386-f665-40f9-8f95-489afd64b30c,
6703b6e6-e150-4a21-bbe5-ed051661e917,
53f6568a-2622-493d-8c99-4f913d81c86f,
2cefb47e-df13-480a-a2ee-b53bb67e22f5,
fc6cf6b0-effd-4e55-9369-efe2469faf6f,
2499de7a-f2a2-4c60-85f4-bbd5de4c0145,
58bac694-34d6-4323-be58-a582b97c7d84,
5e960872-469f-4f82-8447-4f627e1a3065,
5ee1b61e-276f-4742-8edd-fcffa088dea4,
aab4f949-2053-45f9-94ef-c6fbc275b5c1,
18855603-8691-472a-8ddb-0f4742f009fb,
229bd5ba-e3a3-436a-b388-e0ff9edc2771,
5caaa619-7546-4237-b808-62ef9e0edae7,
bbca5097-7a15-4b04-aa35-bf0e1fe5ec72,
76c7b73e-8db3-474a-be98-cb902c241707,
6e355778-97ea-42e4-bad1-df58116eea18,
8ab4d117-3b57-4ff5-995c-edee762c84cb,
aff08329-23f4-428e-9817-a7fbdcd68dc1,
114e87fb-88f3-4bbb-aa9d-37e16b2062c2,
b4420ec3-092e-4b68-aee1-5c95772d45b9,
907a4edd-c18a-4651-beac-345f5b4ceaef,
0510b409-b260-453c-8367-66dd0c805cdc,
8c4d417a-9fe3-4d06-ad67-5e29e983d941,
a2563f83-039d-4d8e-bafa-c3c353c5cc45,
1bc65de8-916d-4025-8744-f651b0205fd3,
72c45aca-c3cb-480e-84a3-78bd1f76b627,
c3f17f3f-dde4-40c9-b547-e73299f97e9b,
16fef1d6-efe7-4874-a39d-8d83ca6b1758,
a435c8e8-1227-4c6b-a55e-22ce473cd83b,
c7b3ceba-4aa5-4d9c-9c17-a244b9b2ba84,
085bb1d6-6027-45b9-9a7e-77a3de6276e1,
8c7aa229-6064-4206-b39d-97aaefac13c3,
3df714ac-d47f-4680-be36-0fea603cddbb,
e37b78b7-eaad-43ce-bc75-8ee9464f79a5,
1da9832e-7744-4032-a42c-4178d14d879f,
4ead37f6-46bc-4c03-b5a1-0297c4213ab7,
054c6575-e0db-418b-8f41-89d6498af63a,
b8ff99d1-2d38-419e-813a-d825968336bf,
baaf473d-2dc5-4e9e-90da-cf29413e07e5,
b740d29f-cafa-4656-a10b-2070fdb20d62,
7bc43cf7-fca0-4a8c-9df6-208b57aa77dd,
9a6daec5-02f7-4857-9912-d11dd99f69bb,
91605c33-769c-4734-bebb-2c3a58070502,
d8bdb501-499b-480f-83fe-10d7d09ae608,
57dff8ae-4784-4e1a-a076-5cfe0a838596,
70db75f0-af33-4567-9b13-660adf9e5814,
8d69133a-1aa4-4870-a6ca-4e37b9123656,
856bced9-15b9-4fa1-9810-d674b8147036,
8a680c0a-1df7-49ff-a151-5bbccf07aee7,
9b1446db-01dd-4b20-ba4b-3d77897e223c,
35ccea4b-3baf-4102-bae9-15e88e50da0a,
b841d93f-1d29-416b-adcf-d94752a14ff8,
ec0d344d-ec45-42f5-aed1-19403d67ec7d,
684ba4d1-8541-4074-92cb-30f73f8a42a3,
40594adc-c208-4832-adc1-41b7418c49bd,
801c922e-f80f-4615-b33f-f9b6e97cb6a9,
dc7e3224-2f38-4833-87a0-33b9923e4b33,
a4b65829-4d71-4950-bfd6-4a3b2b1d0277,
0ac0e39e-c214-40a4-ac62-3837d021589a,
0130794b-7298-4e00-9f79-a39cf5341751,
a0b6ca02-b6ff-45e1-ae49-24053abf0f51,
7f2a39ae-b99d-4d7f-b200-9d13f505cf36,
5af52fa4-b2ee-47b1-b2eb-47f7779250d2,
59e01368-396e-4160-83ec-d442c68012f2,
d5c8c709-d8f2-475e-ac45-9f87796c07b6,
c1635355-5e5b-4bb1-acdd-a6abff83ac10,
cddf3aab-fc2f-4e47-a873-56a1a1f1d1df,
8b6a673a-2d8f-4f36-ab54-12f8200dfd4f,
8c72e0ea-bfe1-4684-b103-aceba0f78343,
d0f6c7c5-15ff-4b2c-a548-0ddaeb0bdbb4,
135b47c3-fb4a-4b8e-8d8c-b953b720d868,
2f1b7f5d-2e74-4af6-b172-6398c0beae68,
11067452-d3ec-4fb1-a059-1a644f6604ad,
634c3786-dd58-4826-adae-75d700efcf45,
f3b1a229-f354-4590-af29-de349f955a53,
c7275e2d-2218-4aac-93d5-540eeca73f94,
39dd0b35-a401-47d5-a810-8aa1a1eb48c7,
19a027af-8fda-41df-ba33-7d817a4c5d56,
590d23b1-e4c3-414a-b35a-e847494e182d,
1d8eb104-2cb4-40c7-bccc-533a31decad6,
7ec97c11-82ef-4ecc-b4ff-8299eb853f06,
461730ea-d1d6-455b-966e-8dba0ee3d38b,
ea227a39-5ffc-444d-8ec5-484934e52787,
512db484-f465-424d-ad0f-7897a54e5ead,
3e680caf-715d-46b3-bb2c-dcc4d53a00fd,
233e963f-e91c-4319-81f4-095d267b36ed,
7d0d29e8-cf20-4a3f-986c-c9f37dba4fe9,
87fc73d5-2061-47eb-b152-05aa5571efd3,
85b32d42-6b01-4b98-8df0-9691752a9b08,
c74a9e16-b595-4377-b9c7-1103829657c7,
577a06db-af9d-482c-86f8-fa4e372a1ed7,
a362ac88-4522-4f83-b3cd-3e212309a100,
46e78b58-abaf-4626-b556-4bc3c7114b27,
676c2d13-04ec-48cf-bd68-69df9f50f3db,
b36f7283-aa74-418f-a53c-9cb93622aafb,
c4ea34f0-b561-4c1a-98ad-d375dd8e340e,
738c88c3-15cf-45c2-a042-d6d5a88737dd,
33726719-7f5b-4fa0-a36c-5534e6a4c8f4,
80666817-d47c-4673-b697-196f0dcb6a82,
a867a1dd-ed0a-438f-b4d5-54c69e5b1f54,
0c1fdb9b-011f-451b-9f68-915281128480,
f85de7e0-1656-44e0-91fa-956dbeee3a0c,
1d44e4aa-14c0-43ba-ab3d-42a02a10293a,
869c1611-cdb4-4a7d-b6d2-f5808a4daf30,
6463306d-d4ee-48df-904c-6008862279db,
c1508b5e-5625-41ec-a07a-01c98148118d,
5ee6e6f0-5571-451a-9977-1586938a3b0b,
6caf7349-5877-4bbd-a3a3-0a8e3ab6248f,
f259c81d-045c-4372-9a69-d727b91f9c62,
a7257279-b805-433d-88f4-0197d35ca880,
8bab23af-b8b6-4892-9cad-d504c616b832,
c911610c-35ee-40a5-b5a2-9c783e3722f4,
d742c1af-2392-4dbf-a953-1e805e01bd1b,
36ed4e8c-db09-4631-9786-520988aaebb6,
80126525-6dce-47d5-bddb-fd23d4af3d7d,
054df286-b36f-4367-9f95-0dd363cd3f70,
5873ffc1-adec-43c9-9981-1400908e97fc,
9df9a862-1d5b-43dc-baf7-3746a8a03026,
74c841e1-3aca-41bd-9b2d-cf1cebf07677,
a116dc3d-540f-4dc0-8ce1-5e5572af7ca0,
bbe6eb09-ba74-46ef-b179-9c06d4b8322c,
927359d6-f1e5-4d36-bf5f-6854c5df1836,
cdcce66d-3ab3-42da-bf38-0c480dc2376d,
51bc56c7-836c-41ea-9c2c-ff505f87037d,
1b72ae09-5ac2-4f19-8a67-8ec0baa81e42,
0ca5b61f-06a5-4c66-ae4a-7df94215483e,
660e15ca-efed-46f4-9c65-6d8240889da6,
c5bf7f41-66b6-4a64-8f5a-f457077f22b1,
10fc1e62-eb2c-4e62-90e3-cba50ffb8848,
0e0f4d22-88f5-40f6-be3b-503ec780d654,
c20c4de2-882f-413b-bfb6-f858490c9035,
12b0f4cd-af6b-4e53-9c77-fb49661cc2ca,
cef16aff-4ee3-49df-b7d0-23b4538ed98a,
daaf463e-cbdf-4c4b-ac4d-bf30d87ff56c,
3dd8d53a-e57c-4fc3-9995-6bdfcd536c01,
cdc371a8-6a21-43cc-be2f-c6b2fff01019,
0f3b2f5c-8232-47fb-84f4-9b867c2da754,
07dc8395-2424-498f-b944-9e07dbcd6879,
d9164a1d-b940-4813-af59-a20546083871,
5cdf8bd6-f2b7-402a-82dd-04cb56651b4e,
e946b70b-afa6-4c1a-ab19-d242ed06835f,
2fb7c6d4-42d7-4557-9299-36b769aa698c,
eb3e16b8-7188-4657-9f8f-f648e5f94ab1,
cc2ca489-7ef1-4e81-bed5-46fa7d6fd82c,
b2ae749b-7563-4380-bc44-360fdb1be36d,
c181dd88-6100-40a5-9c0d-b295d3ed88f3,
09e69368-182d-450f-b68e-ab8d9dcea738,
3c8042ef-87e6-43f7-8fbb-d373bd4ae6c4,
7dd63e3f-2051-473f-bb83-d031e6d9c626,
0c5a6633-2444-4094-9f7c-57f82385e05d,
3adff49a-342b-45c6-af16-1a2f562c5ddc,
20e6ef8f-19c3-4c0f-be5a-f8d1d5f74b2a,
8225e4bc-9543-453c-9cf5-2ade9f60a7e2,
94cc3e4d-4598-4660-906f-793136a67622,
4b567d4d-e819-4976-8d88-2cedf54c268b,
d9e11e29-f797-4b2b-8c98-2e6d55ae94ae,
9a2970d8-f9d9-4c7f-b0af-2efcf64ca69e,
7886578b-bc54-4dee-a6a4-d0383dffa424,
ae1f1cb2-acde-4fdc-bb87-ad978d9635e0,
9bbc28a1-46a4-4481-a794-f42c7a429bda,
016b3199-86ce-4051-8d43-f19f5274aefe,
39633286-8831-4053-bd6c-b1d445ac0368,
a1ad8c73-a240-41a6-8494-0f1c86d8f1e4,
8dd1769b-83c9-4b8e-b328-aa06f25dcb3c,
da2d37d8-fd50-49f5-8974-076d38605694,
6a5019c2-d19f-44bc-8218-d06a739a97d9,
11f20202-64ef-4c4d-9298-1dd7e204ae28,
1cd49c58-597a-42e0-a3f5-d198f20330ba,
f721b78c-bffb-44bb-9ba3-a675d4b145c9,
13dcccaf-434c-40b1-90dd-a75cb46e6e6e,
ce64dedf-7586-4ddf-a13b-a0229820fa48,
53c4fafa-4027-490f-a31b-69b32edfb3c3,
553ed325-1add-4daf-b60d-388512f1d4a5,
897d667a-4d75-4d24-aa10-07bb555d9781,
260a7e80-f1c9-44c3-b216-4703dfe69dd3,
f414e1e9-1667-4277-8e8e-5e60187c2f40,
96475bb3-e500-4e71-88dd-8e86aaad689a,
bd48625e-0612-40c3-9503-51fe92e79560,
3ac6d53a-4426-48bc-b4d7-5acf3883b5bc,
becd17f7-1bcc-4401-b504-8e4990db3409,
7b72c264-ef17-46ba-9ad2-a477c9dfeb9f,
61cd5739-7517-43f8-b8ef-399dfec21416,
873c8ab5-6dd1-4731-add3-32cdeeab7c06,
64acc3aa-6bb5-4214-8eb9-b379af3589f4,
e127a024-44d4-4061-8bb1-986b1645efa6,
d01cb84f-90d1-474c-8bc8-c09def1c2f66,
f2bb5573-f277-4f2b-aeb9-177767cac5a5,
0b2ae3bb-1edc-4c5c-a05b-1b619d0b14d1,
f7d89df8-b903-405c-829b-614f9fb12d6e,
af8fd7f7-8410-455a-8286-ca53f25f94a9,
0576641d-7465-4400-a0d9-8299ca3d4d54,
f78d18d9-71af-4a54-80c1-07408255ef44,
0cd2dda0-915e-4d29-ba4b-5b30878dc5b2,
63be3f62-be2b-4d1f-a9d7-9a56559cf076,
84ba05a8-5817-42b6-9d0f-3af9e6cdff9b,
586da588-ac12-4b53-a053-c2ed8f25c5e5,
2956f581-f979-4d66-937d-e1ef8066af47,
7b7f9e01-5ffd-4c5e-b8cc-961ea5b44702,
977220e6-ae5e-44c3-9a06-f41643019205,
9d7c3875-b085-4dec-ad56-1a2b91945a98,
b276fb49-49e9-4a9a-9872-c6b232e475f4,
f7738b88-2ee4-4f0e-bf17-d50bb63c1bd7,
56635c02-5cb5-41ce-9384-e2424a8de835,
0734c50b-6d9a-4c17-b6bf-df04fc6f001f,
5c92fd1b-7347-4178-b6b5-73417a76e026,
776a6e69-d966-4653-9979-bd30b2f44419,
b3d395e9-fb21-4c2a-8b91-47cad446ad78,
e60184a4-ef61-42f9-b513-e322dc1647a7,
4b623e74-acdf-4eb3-bb40-fa938b1fabfe,
dc9c8e76-838e-465c-b699-def555a52a15,
2682558d-c349-415e-897b-a7a5711f4988,
f40afaa0-285b-4ad7-bd53-b21a14e9953b,
ee99e80e-e812-450f-9a91-753801e0dd96,
78523085-0ff6-4780-a293-20bdaefde310,
15ef5e9c-933c-49a8-9797-b51522634547,
a81d691a-3453-4d2e-a4e4-641ffc15927b,
75cd8f7b-6b4d-430a-a7d2-00b4c7d4be21,
d8343573-eddf-400b-8bb1-435eca31df4f,
0b959442-9ffc-409f-b045-6f022613607e,
52d45378-fb54-4d47-8e85-8070e71f8452,
a8f02c88-929a-4d28-91f3-9010f934c10d,
1c5e9364-0e8d-4903-9655-13dcbc7caada,
658b2db5-c662-465e-8845-6aa6078f762e,
d13427d1-66af-4a52-86fa-ecdcd0f28f58,
3fe2ca84-6201-475c-8221-a55c97d23db3,
5b7fb73f-c7b9-45b6-8491-46afe71bc4f7,
dd3459da-482e-4be5-a660-65b060719d6a,
1c8a1457-e032-4743-8370-bb80931b63f8,
5972d8a5-ff00-4280-96a5-8bdf19b09514,
ac425523-b2b1-4097-aba3-3583a73382eb,
c00fffe1-b0b4-4087-bd68-10f4abc62025,
8cc06cee-cd58-4ace-abe2-36e785fd1193,
91206daa-aa7a-4214-a785-15a39f6d7ae3,
2316df4a-7043-4cef-90ca-42272475dc81,
ced24f35-af47-4380-87b4-6c129fd84b1a,
ff3bfa3d-25a2-4fd5-881a-c196857b0d76,
c226703e-1671-4b61-bb7f-9a32b69132e2,
fcf72781-293b-4ad5-8e5d-fad5ad4d53bc,
c132c935-aed6-464c-90a3-5c0d40f43d5e,
6b939512-a28a-47b6-a557-b98528f40c29,
066f2508-1a84-49f4-bb44-cc3206d18110,
dacba652-a681-40aa-aa28-4a9ce7b17875,
ac9e0a29-6c85-4529-bf65-0f2cd3470475,
c65811fe-9808-4e72-b459-b0a09893334e,
5b2d2d07-cd14-4b9f-8f43-5de2bb9300d2,
62cdbfd2-b09a-4697-b65b-8af58a75625a,
6f7911c8-857e-4db3-b1b8-5666f6acbef4,
6de81d1e-468e-481d-89ec-ba2444f92afd,
31279134-a4d4-4770-8805-d1ca74d2e5aa,
f24fba00-e718-40d1-96ad-1c7fe14c259b,
bb2491eb-f2e0-497e-8d63-91b211deb1b9,
7e2b4cb5-8c61-4d9b-a367-075ae0ac16f3,
65f4f7c0-94a6-41bd-8cf5-86af1c3c882a,
ed7ed4c7-2e96-446e-bd9f-11d5bb222278,
c66295e6-a62f-4e4e-a381-af22ac935c46,
61af5911-8b33-4687-b26c-bc6038c87926,
1715f1d7-87ba-414c-959e-2585e22b73b2,
005d9fd0-8b40-41f5-ba73-acc20ca43e18,
55484bea-6d35-4990-9846-346916c8e87d,
a5613929-d677-404c-9df2-b7d5525bf06f,
e6e5563c-30ee-4cab-9971-e9c1116a2779,
aeec2198-597d-4802-892f-b3a73b5ddb76,
92548959-cc01-4411-9813-60d38fa4dc59,
60a13d29-56a0-481d-bd4a-8091b990a468,
0e1849e5-2986-4e88-9b60-77deb4895706,
12e9216e-367d-4267-84ac-1c520f183620,
efb8b49b-3370-4445-8b80-984adb066e53,
5754571d-33c5-407d-a001-6b738715cc57,
3fcb52ed-5f02-456b-99a3-706f8ba1d8ac,
f5f6200d-42a3-47ff-9b05-e27b9073cb21,
6afffcf5-9809-4b7e-8044-00bec950f74b,
8b91578d-8d58-4734-99b8-b494eafbbceb,
88e209e4-6d6b-45f3-be71-f09847bb4a47,
5d7b8a34-76db-4254-a351-5dc3847c835b,
d3cee08e-e9a0-4a81-8e71-4dd38430aa86,
24cbf90e-4999-4411-af5b-9aad83136276,
c94a2409-dbed-4929-a32c-9247a9252259,
4fc6b915-7d50-4376-98a6-9f1841c97222,
a57bff62-6641-4d5b-bbed-27df0676b6c8,
5f2359d4-ddef-4785-971c-654b7eca5ada,
a4c8fbeb-19f0-4bfc-9a7d-0237e4f064f2,
b35d32aa-b3c9-4b9a-896a-39a3d3cbcde8,
4061ba90-7ee3-4850-b4cd-5cce10494c19,
2bc6f12e-70db-4342-97df-74e39a1e03f1,
d811b2ad-218d-44d9-ad61-d5355d67e738,
6cb3b751-6a3d-4de4-ad1a-d223506cf8b0,
285a1cac-5e04-478c-a032-34315fb87405,
7dabe175-9f79-4de2-9d72-f73dea69a47e,
a89b3d48-c580-4504-95fd-7e3366b6ea41,
494c17e6-1780-40cc-93a0-4b478722946b,
81753eed-259b-4f21-bcf5-dd902aab7f77,
617c8372-8efc-4517-b15b-8868b985c2c5,
3f8a60cb-f2bc-4304-a8bf-6f82b07d2163,
6f590a7d-0f9d-4ec7-9bfa-64fded09ecca,
ac268c7f-d57c-4637-a3d0-b1ecd48803d4,
d2f58de0-1949-4fb6-a774-d4f617dae896,
e77ee9b9-e553-47b5-a6e7-00c267391069,
7e3c11a8-10bb-43a5-93ed-f2582f08a071,
846a5ddd-ee15-4763-9c73-931f80edf2cb,
d78af52d-b648-4a35-9a3f-a936ecef5842,
77e5d008-732a-4685-a002-258e1f437d84,
a538fde4-262e-4e7e-9c31-af57b516bb32,
db59af22-2d5a-46d0-ae64-8b379aaf90ff,
bb53e6c4-dd8a-4d04-a53a-b00817327c14,
938fcabb-668c-4b8a-ad51-5181c10d4a31,
297587f6-28ac-49b6-8be1-1a6fc0e6fd9c,
bfe64b20-5f1a-4e57-8d72-9ec53a8f4ad5,
40fa288e-8b29-4195-aa44-4a1a8768695b,
234c8e05-c1a8-41e0-9346-f51e28e3986e,
b503fe12-38fa-4a7f-95ac-1be3e47601d6,
c7b8dc1c-588c-4e08-9dcd-19516ac2a444,
4815fea3-5785-43ae-bc7a-70641c897405,
9b85736b-973d-480c-b3fd-bb4595fd3e6c,
1e4955f0-a560-486d-b197-6fdf9b3ad94c,
dd84b9e3-e84c-4a55-b9de-5a4cfcf33947,
a9badffb-a000-428b-8f61-73ad742d04ac,
dbba5c7c-0099-4ffc-b3d6-10c5ba7c06bf,
5d5378ad-42a2-458c-8503-f42b36d1ef37,
8f826c0e-67f3-44eb-a3ea-57eb33dbe6a7,
7e1faa27-8021-40d1-b76e-ff59ec988267,
b71555bc-2f01-4ffb-ae31-c7601cb6e377,
2a4561ab-cc34-47e7-acea-e0e43b113e60,
7673c662-3d96-4a9b-9af8-95d8b166c4db,
7b623caf-8908-42e3-8635-d9885151d017,
e0e17888-ceef-4a29-8da8-feabfd6c1bf0,
2a153e9b-fd0a-4775-ab31-a6fcfd3e5f55,
cd14af12-a95f-4419-a6bb-69de260303cb,
0c1f3469-a374-4814-9840-0a3d6a3a9691,
6c3f15ad-bb0c-4454-a8c8-360be0421789,
d71ae077-d7d4-4805-8201-07de59c40f22,
4bc24372-0b57-48de-a024-37d9aee31126,
a4692e91-d529-469b-a0e7-50da71b6556c,
80dbf00a-268f-4910-aa88-58194f61e199,
6294c7a0-9255-47e9-b123-29dd6fb4bba5,
1f132586-0a60-4fbb-8cf0-5d8020d1d398,
0fe40764-76d5-4587-a284-268bccbf5d99,
286396e8-ed9c-4722-9da2-56d6ec723be8,
954d8fa8-1532-4508-ba5d-c8392e4fe430,
61136f9a-d5ca-4c6b-b430-d10f44f5e16b,
64398a48-1ef1-405d-bf78-bd42685cff81,
8558243d-a774-432c-8826-9d62b8090f9a,
7ca4510c-5a3e-495d-964e-ace204409797,
467079c7-6fce-48f6-86ba-f66b98e4135c,
8931b3d6-c415-4216-8d43-5eda5add6e89,
6da3f939-8340-4f64-83ed-edf2bb0b6dcd,
d6fff5cd-4da9-4b2a-b5f9-eb83f6e59e5e,
ba71682b-2916-46ce-9d06-701c90adff61,
3814ea50-dfc1-4323-90aa-e368282b0fee,
69dad388-0ac7-462e-ad36-b7c905590e66,
e64ffbff-5491-4f8e-96c4-977739a04229,
ad64ce6e-be49-4c85-bd46-f50233600be2,
102ae9c2-aee6-4f6b-981c-b56f465643ca,
fc6304d4-c495-4f74-9da1-e0f4cb93eba8,
e5636d6d-4d60-405e-986b-435987991738,
14e5175a-469a-40f1-921b-4c12f4699c04,
77ff362c-a50c-417d-aa0b-038b8f0aa989,
604849c8-19dc-4674-ad95-838898ebdc53,
b93c46d2-e36c-4b61-8019-df4504117478,
3f607938-e8fc-4373-bbc9-9d91a6fccaf1,
5917705d-77c1-4c88-a44a-476e5adf5a4c,
c72bed70-1e78-41de-b954-40ab2a733bf5,
62546f29-fc96-46a7-b0b0-002ab499ae75,
09898588-2d73-4e04-b62f-d0118839d8c3,
0648d9cc-573f-4304-93c2-82a4381e4ac5,
507615c0-569f-450d-b0cd-04af5e12e2bb,
bf8a680e-6cfc-4457-b4d5-bc8aa53f29b5,
ec5a3d3f-1014-4873-86a0-a1ef8980c278,
1aeab422-dd75-47db-b328-8e1dcbba5933,
8d671e0b-d7db-4014-9483-f4695d1eccb4,
37d985cc-7fb7-4149-addf-1a46b1979bf0,
cad62599-a779-47e5-8125-846ba497c017,
ba432e08-e1ad-4a12-a51b-0ecee7b0f8af,
2ceee443-dd7b-4127-b660-7bd1e2ff50fb,
af4f72ba-ade0-4503-ba16-15d464eec587,
ad879681-f3cf-49ee-b631-27e744c44cc7,
8c506dd6-2de3-482d-9e67-81ab068a9d24,
90b90830-5910-46b6-9fb4-84b4028ca2c6,
fe5149cd-aad2-4236-88ec-73e0cf3f8f0f,
9ab3c377-0629-4a3b-994d-dca8269f7198,
e7aec704-3505-47c1-b1d4-65b246398aff,
e2b61f1f-3954-4110-8b4e-fe749e8cc021,
b22f0992-66d0-488a-b785-2a9539f93b80,
b917cf6c-4ef8-478b-ac6c-9b00eaae37e1,
ab7d21db-e23d-4029-84bd-f3326b10062e,
4529ecd1-2765-446e-bb1b-7f785ba28786,
913e5280-d7ec-4136-8a3b-66f4f24c7860,
ac49a1fd-01a5-4ab8-8c79-cc6a3dbb07ce,
213d83e8-fe48-4480-9192-28c991bab20b,
f40a82e7-b996-40f0-9c36-301e7a36efca,
6682f949-afe5-4ca2-82de-b4893e92d84d,
88545e50-5a01-4f33-8291-181e5837c0b3,
2cd57693-264d-4452-ac95-000bec1aea40,
8c068d75-7ae8-4c98-b591-9659e507e11e,
d09f5e0a-be10-4ae6-8863-82dcb36aefff,
be66d4bc-8c84-4d3d-b96f-84799460e773,
26910ecc-1a52-402c-93fb-c4bda13b5ad8,
47092b1a-23ca-40e4-83cf-382aa57a28bd,
de36b3eb-0eac-459e-9912-5f9c77d1b76f,
f322d09c-52be-425b-849e-37b0f709a027,
a833dec1-be78-4cc1-b123-cc4aafb09acc,
1483ed90-9aba-4500-8a47-f13096f14553,
fb6d797d-f1cb-44da-b6d8-1a2c1a712fe8,
6a72a065-3161-4ade-abeb-df33e2cb5ca9,
abed5b59-5c58-4b05-8cc9-c5ac93a31711,
f392ebef-03cb-4ded-8be4-421be3c46ccc,
57b50c57-a689-4abf-a182-76c17303ed08,
682a2dad-3bbe-4c2d-889e-a2cddac2c997,
bb3148f5-6dbe-4c70-b0bf-88cda4939576,
74d2e23e-0937-45d5-8895-1f8c56576bf0,
53392650-c5c6-4283-b1b4-266359059bcc,
6bba8ee3-d528-4e81-81aa-a9fb8f998c4a,
9043ac8a-4d91-49d5-9a52-e9b463402778,
7760d931-2b68-4baf-8deb-bceed07b7d92,
79fac74f-2c31-49fb-86fe-47ff0525dc78,
74e9e8fb-1ada-4060-88f9-a41518b144af,
ad981782-2521-409b-abbf-699628147b8f,
43f25964-56db-4008-9627-430ec9b073f4,
a8fef746-63a8-4272-999e-a691190105eb,
0ed405f5-f0e2-44b4-8110-ed1531275c5f,
c86bd10d-ebb2-4c97-a3af-cb5dc755e945,
4eab406a-6523-43d5-9ec2-9d147e2bb339,
6d2daf7a-c138-4187-be88-acb1cabf80d6,
7987e3f0-b37e-4baa-9922-ddd62bdd4a71,
095c4b66-dd46-43cf-b897-ef200e7803ad,
31b866f6-c02a-4cfb-ab36-4eb89e8d5bdb,
4e7cbc1e-c02f-49e1-9bc8-2f43fa6eac34,
0ad4b591-a3b8-4337-9b97-5d5368419be4,
7765c7ad-0fa8-4449-b0d1-99c5bfdbc55d,
13c9fa8e-fda7-4ee1-af6f-804929455e8f,
6db21234-0066-4027-a0f6-afc3e2c11bab,
1297c7ce-f875-402e-ae4a-dbe86693cf61,
dffbf62a-363f-4c68-bcd0-41fa1c05fbc9,
6bc5b07b-d1f8-4b9a-9609-fa7eed46b87e,
4fc5559f-6032-4875-a36f-e78301b0f473,
ada49295-6ea0-480b-af8e-2bc279f28fb9,
489c7989-f206-4e51-b834-b2d24f90c7df,
877a85c3-118c-4747-a7a0-ccabf01e6c6c,
8b1c18ba-855c-4a95-a27b-57befd31f586,
2a23ba1c-3944-4730-95bc-4c75bcd70775,
11160517-5a70-40c9-8529-259dd5330c6b,
ce89b293-ac3e-4637-a0d9-52739780e437,
665a4c07-6f4f-4660-a04d-d17dd5da3dbf,
15b45d7f-8db6-409a-9a96-bd3f4b3849cf,
be87b897-1eff-44ea-a424-998e4591dc4e,
6c2be993-d2ba-4789-953c-280752d43dd3,
b20dd63f-45ff-4e57-a024-748dbccfe774,
0b8bc67b-453f-4f90-b8c6-dd9dff88fdb1,
9c073899-0656-40c6-9f5c-f6ea62a68dca,
7e173c96-8da5-4d42-adc9-971d30f69734,
e51bf0c6-a8ec-448d-bc1e-1e02dcb5ffa6,
14431a44-e56a-481c-bb95-3ba3a8028e2a,
d0182c0c-03c9-4538-b308-39a1fea0bfb7,
def65689-d657-4b2d-b3d4-c0d1bbf516f1,
5310f3e3-d249-47ef-a7ae-ab394deda9d1,
bd511d07-99b9-48f7-a480-35656f8a86cd,
21394895-1e10-438e-bb16-86cf21d9da23,
fa08a748-c6ce-4cec-b76b-9bcbdbf65a08,
31bbed67-11a4-4f55-9e74-3053db92c65a,
bfb86883-592d-44fa-8d12-cb9ea2593fcb,
fff1426a-4af6-4cad-a95a-c92c6fd131d0,
1d8680a0-9f71-482e-9491-598e5289bc5a,
a1515f58-a5a8-465e-b41a-93627d4a4c1b,
130a0595-82e1-456b-b24b-d1e6ef3d0d64,
8d0a42c4-e9cc-4b58-b015-c2279b8e0e3b,
b2236adb-a80c-4380-a566-b35526453fbb,
3fb1d878-2200-464d-bb91-cebb826e00f0,
ff2639fc-9d49-4fee-86d2-a35de148c9a0,
d3b49c82-ae9f-4656-8d42-be5ddf9d30ce,
5f70705e-9e51-4c2c-bf0d-523c4cc71aba,
207ebe2b-a656-45f4-8c80-a3a12135cf0a,
778ecac7-b177-4c0a-9367-9377099ca747,
831e1653-6a67-46c9-8c19-ad7b0ace565e,
90ff1549-9689-45b9-8d46-0a5d464fa5d1,
1689541c-8cbb-4b6c-b76c-de497fcfc5a5,
d0bdfbf9-0c65-4d37-a2f2-5eef145b6026,
7030fe60-ce9b-462e-b13e-6f398ba9e77b,
571ddd1d-cf1e-4d9d-829d-b0040265d12b,
334286cb-a186-4358-b270-640aa965eec3,
8a948ec5-6e3a-4c82-a316-f92173253b29,
e787a50b-2bd0-414b-8c9b-aa731325e584,
d3ad1ab0-fa3d-4a4c-a8ac-b4632c8d3803,
cabc197a-e44c-4a6b-adf5-72885784e955,
8337db0a-0091-4bfd-9ae6-91a6d868e62f,
0c59e42f-a1bf-47c2-899b-abf6a14e1bda,
cdc02801-b09b-452f-8ef4-a18320d717b4,
0d5b8f5b-8c50-4d51-90bb-da6c192de82c,
7155d656-a54d-4be9-ae26-faa0d5865623,
2b39b95d-0cb0-4560-8c2c-1026329acd76,
0425b30b-6b60-4fc1-b6db-2f64322e1a34,
da7e4e03-bb25-4bf4-8c5c-5c3204057104,
27b24ea0-744d-498b-91e3-043ba3abd2d0,
833b15cc-6794-473b-b9dd-1a96f81a5e0c,
b1a7c199-dbd4-4f3d-9559-6ad30176a8f2,
741eb134-f775-49e9-9762-10e9fec7e241,
728c88d0-10ac-4179-be6a-8a214d20e49d,
a17cc067-5776-4401-b7ae-12861ee6cbd2,
f572acb0-76e1-42dc-a53e-6e27883e25a3,
e6d61e3f-d2f7-4516-a09a-5c9fb141762a,
a4c77244-e6bd-44db-afbd-6b61e6a14911,
4c5b1ade-0179-4e36-bf6e-e8dcf0beef62,
111cad5e-f73e-4b21-9952-db2382c374db,
dde8233b-0bca-4647-b904-576ac41c5c83,
b1656808-f105-4c59-89ac-44bf2edf8402,
cf27a801-d19a-4c31-b896-5796fc9454c6,
290c55db-b2ae-46d8-bdf4-f225285a82ce,
ba5aeb81-8268-44d9-ae8d-02a9cccea4dd,
2dd12366-3f6f-4ba9-8c49-cca38adca5c5,
231feb96-5dce-4274-93dd-188187e097de,
2bd31a4e-4166-46f4-aa43-40eab2fb6af0,
308b3d64-6367-435d-a29d-f802394195e2,
8b2d9ded-e9bb-468e-84c6-0b6438df3f4e,
0e9ce94d-1773-417c-a474-43c1a3b0a544,
7c01c568-aff0-428d-91c7-bd5401369c2e,
9c48ff4a-ffe1-4d37-a2a4-67d80e3de0c3,
cfe5a6eb-abf5-4431-9c7c-07c5522a48d9,
8857d443-b9c2-4c54-b222-0745d93233d0,
d14c5e03-7b34-4a41-a692-c94046fff979,
3638a3c7-9ccf-4a36-b310-f6f43cf58917,
f28656b3-d0f8-4dca-baef-ab1700fe8cbd,
a0eab3fe-3991-495f-a548-6228e81a6e8e,
f46f9d70-d32b-424e-8851-3b8b188aef4a,
16e2a4d5-cb19-458e-832c-1ee3956cc226,
155ef093-348d-45a7-864b-e2dde4ab8122,
73868b96-364e-472f-aa28-6eb78622c626,
40a1a59a-b418-4036-8cc0-9ba2af77bc6a,
f97cde0b-f877-44db-b5cc-dd1fae3849ce,
2daf8a7f-ef08-495d-84be-2ea150aaacce,
b9721edd-fa37-45d4-99bf-ac3127d7b143,
3c7d74da-7aa5-497b-9455-12dccc4316d0,
e9b8ed4f-5b0c-4069-857f-6fd90382e483,
db4981eb-2fb1-45ea-82a4-bc96883e7b90,
c604d7c0-c45a-4c47-b687-68ec357ab29b,
5ca8b81c-5bab-4b5b-bc72-6a740c7951a9,
3fbf765c-7458-4bca-bd0d-6dd68ad4971a,
a1cebd47-3f49-4650-a176-f6277203cabd,
ef47514c-471a-4981-bcd2-3299d7913ec9,
6621e997-fbb8-4d7f-ac9e-ece9b7a03512,
83545359-e9f1-4e6f-a552-d4c242bab5c7,
0e9ca0ff-8d71-495a-b307-7ece5cbe38a5,
073a1130-058e-4814-8b86-2fb3c2e5a0b6,
fc399fe5-be82-4d0d-93b8-b02187c93530,
db6570d2-e860-4b83-bfd8-f8b33a0dc841,
198ee398-540d-4926-9fb1-3cca2f834b55,
8c2bb202-45da-4c6f-a126-6ba397edea55,
d8139097-f52a-4865-80a5-4caa54f58b20,
86986e2f-ea45-45c1-8c2e-bfcc9ca8ab99,
0a29b880-ec8d-466c-ac7c-6cca206101a2,
ff2d9902-d36e-4b17-a72a-3954c32bae8a,
1e4e106a-cf98-4ed5-aaa0-231e0fd8443b,
5a0f4e03-901a-4988-9a71-15c38bafac9e,
732e7707-21c0-4815-a7cd-58458fbe6490,
459a58bc-7008-4ecc-b67f-6264b1103dcf,
ce909022-8b36-4b91-8460-6991f9a73d5d,
38f3d064-3157-4e77-9f93-7efe33287408,
1c946e3c-f6f4-426e-b11d-c13ebe0a1701,
fa737aae-5343-4b13-872a-7dc48cda0c50,
c28727db-d99b-492d-9d2e-00f9f980602c,
e608b586-024f-4d89-af88-7e7c9ea4da69,
983c718c-b6a4-4387-b9c2-00cf1d106a10,
b9ed28ab-77e0-4799-ac29-3b823c2cb08e,
7f912831-a7c0-4cd5-8630-3b3835613adf,
4d1f556c-5306-4941-a6db-851ddbef1f43,
db6e0d99-da65-465f-94d6-c61271ee7c87,
18ab2801-51fc-4e27-8055-9eebc9bc9d33,
32bae9fa-852d-4c83-a1bd-8263a072f8ca,
2248c70d-612e-4805-93f3-35bb4fa45216,
3e627397-625c-49b8-a862-12f164194edc,
17ae735c-f7b4-4642-8daa-d6259c8298b8,
9ce367c9-4c1e-4a5b-b2e0-c230f93987f9,
31aade27-adeb-4444-af1e-bc36870e9aa3,
20e957fd-1b79-4c41-91c4-8b407ec9f8a2,
8a3aa794-65bf-420e-8c4e-14859390b63e,
f08cd6af-33c0-4e6e-8092-d2b6e602f078,
cb62bdd8-ec6c-42db-871e-da015ccdd802,
0ff3e6d3-5eac-404a-b488-3ad4b1ee4dd4,
26781e20-7ed3-4663-96de-d51c0754ecba,
7e585e59-c5c1-475c-976a-d2e4c0c783e9,
30d7c1f5-0292-48db-8e2c-873259ee0f09,
65b118fa-5454-40f5-9a45-cf42a210d20a,
ceeb4997-def5-486b-b6aa-8719020e94d6,
e3aaf1ba-9c91-4ddc-b412-c3e469c0d7a2,
3b20fe99-512d-48d4-85ed-0200df03792c,
00ab1141-6458-4415-ae70-79de51e8264b,
d86de1f5-5444-4ce8-ab5c-5f5916443f50,
15d24ac8-5702-45b1-b616-a458e75064d2,
401fcb52-8bcd-410c-be9c-d066bc1fe79d,
cf3744df-d3a2-4899-84fa-096d3dfb8dc2,
a23bd8db-97fe-47e1-b80b-6432d670d33f,
acd19c91-44e4-4599-b3dd-e3ecb79390b7,
898a66ad-5bf1-4052-a4bf-78e8d74c0b31,
ff909fa5-2b7c-4eea-ab97-0f319c7821b7,
2c7f6039-e5a2-4dcc-8013-7b5b7c7d36d7,
bd64f507-545c-410e-949f-ef13ddd09405,
09ef2668-c6ab-46a9-af31-b182b55a715c,
57486607-bbec-4348-92eb-7b2e323a50e4,
c1697096-382d-40a9-bbfe-2d37b9e8b39a,
a1646e60-3238-471e-9cdb-aca5c37c0d8d,
ceb37817-f1eb-421d-9d9e-62541234f663,
7cdeea0f-9c81-4ac7-861e-2a5fc34a3388,
059d79ba-fa7a-4583-9c79-1e3a9e9f8aa2,
533e5e47-3fe0-4038-8c5c-fbd8bf411682,
a4222cdf-0dbb-470d-a104-0987b6ca5940,
ccc0ee35-3b05-4a55-b170-32d4e008b458,
571f4ffd-61d4-4e6f-9694-9d27241a1a3c,
1c49d4a8-60a3-4ef7-8436-169154355844,
6c0b611d-89a1-4bc4-b895-0dc0199c9cc7,
36cdc2d8-094d-46c3-aa8d-f5665fe2a849,
d9655117-9f08-439c-98e6-ad4a21a09a63,
2a4c0787-6db5-4fe4-bdc9-fd3046433665,
274b1616-dfa0-4e31-a480-767d70c454fd,
3f6c7af1-9025-4fbf-a370-883cf5f0fb86,
c443e8b7-e6b4-429b-be17-a7fc2c4f493c,
08d7c319-71a2-4f83-acbd-63e6e36569bd,
470f9758-69e6-402c-8274-53e12da67f86,
546b2c0b-990d-4fb9-935d-db1e8f0ac71e,
d4141ae2-d643-4cf2-acdf-8ec1d8259065,
2114eaae-f75e-480a-8bfa-b188f46881b2,
52ae6033-737b-4ac4-97e5-100494d92f4b,
de019aa9-fc2f-43f4-aa79-2b96bcbeb3d7,
a4b6d9b4-1848-4df2-a6da-fdc3a8f2cf54,
7c77c20b-0d77-4516-b0e9-f9a4d667c1da,
f5c9f85c-1c2e-4a38-9eb1-4d0691a33d6b,
c792810c-13f6-444c-a717-3fbc5bd47a89,
b8d623e1-0b86-4602-8e72-cb6cf12aef81,
b8e5c00d-2369-44fe-8175-3faf8a6baca2,
72c8d3ae-941f-4bc7-8f44-ccf7bb22561d,
6954d4eb-59ec-462b-84df-c8b879f58fd3,
d8bfb1d7-1843-47d0-9d73-17f44ac28758,
0997d9b8-7781-49a8-885e-27ccc1b11976,
2304c290-a85a-498d-9326-3d179fc41de8,
bac8f52d-1068-4431-a9ac-20309c44198e,
e06e74d9-2482-4c14-b255-f977e628b41e,
3f10cc26-229a-4fc9-8b55-ee07cdd70111,
82b6dacb-a7b9-4f22-9c58-d90d44501ef0,
602c5f06-d170-4919-88cf-c9d37c90036f,
182460ba-b448-4475-a9e0-127775170eb5,
2b1a9c4f-d634-4fab-88a3-2daa4a4c7f62,
370215c0-17f5-4cb3-a9b3-aa891242ff4d,
0341cf55-9670-4200-aec2-f502ca3e1e2f,
ec688406-1308-46b1-b4cb-f2ae41cebb29,
f00de8a1-623e-432c-a940-6566ac570fa5,
2927aa1f-3a1d-41a8-8c6d-2d533d4391bc,
c6cb9751-8c41-4033-8ce7-622642390441,
08c0faf8-f43f-4da4-954e-790abb0ea504,
87bfe1e6-fddd-4e43-bf9f-c32d725920b2,
6cc60fb4-6745-4ad9-834e-fcc22b60c5cd,
1939315d-3cba-4834-91b8-2326d186afcc,
98d0c4a8-b3b5-4ce5-b0f5-2edf2b9afaef,
2282999f-7d00-4ad5-9347-d196bf3b8870,
d856ef2b-e1b7-47de-96a5-7d798ac1c14b,
be32a962-982d-41d7-aeb3-4d4431b20f9c,
53e21b5f-f840-48db-ae92-c61c40bd0015,
069aa75a-af61-4d1a-9433-998c536dcb50,
2827da0e-1cad-4322-a33a-df418823f98f,
0ccef574-8bcd-491a-b941-f181c9204267,
54076e2f-113e-4041-959b-cce9ef0489ca,
8c2090a0-d970-49fb-894c-5e2707df0502,
b2b7622f-270f-4502-8f96-35157faebbf0,
8ed85dfd-5b92-484e-8f2d-aea9aca15714,
fddf8440-8061-4b1e-a7c5-e33d8955697f,
c2169bc2-0217-4dec-aba9-cc2cc97732b0,
3888fc35-6f06-4d04-ae3a-05c0f333ea36,
05d3d957-e475-4a89-858d-50c279d8f422,
0bc90fcd-0e5e-4082-acc3-1d0ca2fe9134,
696b8488-71f1-4261-851d-a15482ef6603,
e420d314-6259-4021-a062-58bf7d2c28cd,
933f2c2f-c7b3-4f23-8ce0-72f157cf1a11,
0966a752-cf38-44bb-88a8-3f9dfa36ce96,
df59d722-7ad4-40ec-af72-7bc244c11d0b,
dfaf7371-9df0-449b-9312-7ab5fa86b345,
215fbe1f-734c-44a3-b96e-a4d357979cab,
5928ff68-2e40-4061-937f-da290072725a,
6d5ecc88-00e8-4188-9b72-167c0aae7d3a,
8a63895b-8aae-49dc-b8f3-9bb3b1debedf,
fb7442de-c063-4271-8210-86ea49be3926,
12bd1a27-53a1-4ff9-82df-0e24b31355cc,
9c48b712-700a-4ab3-917d-b90f8f407911,
49318bd2-b10b-4812-9c70-02300a90cc52,
f7d6814b-f96e-4360-83d0-bfa5868f6bae,
39fde95c-c7bd-4853-9aec-e2faf7a5e2fd,
0b75443c-ee74-4057-a238-2bac50885a37,
8b04fd19-aceb-4099-a221-c4ce9427e3eb,
a26681d5-6492-49ef-8e03-d76509692288,
f3b39178-c0dc-4793-9e31-95f65d2ec3a2,
93e41e46-3d36-42aa-9bfe-308d871d94a5,
7fb50d92-22f3-46b4-87de-414769102cb4,
914a807f-823c-48eb-9cf6-884f44f120f5,
68b7d806-ddd1-426d-81b0-5c5cf11045ec,
bd565d29-8e11-4f35-a4a2-f93460147f4c,
e06dd1d5-f5ce-40cc-8ce6-07a310b707bd,
b91c1b83-fbfe-4016-97eb-f0a596312e75,
da8dcf97-2c87-43a8-b717-775f69185f8f,
7b393395-b114-4499-ba0c-15bfb397512a,
88821640-5f76-4ebc-a9ac-28ebef296bea,
ed3999ff-2714-4acb-ad1b-cd40ec85aec5,
05341f6e-8ea3-4e45-ae6b-3b549aa8b6db,
a74441cd-87ed-4d0c-adc2-8b67e22bd898,
f43e19cb-5788-4526-bcf3-a284c4ca8031,
0058ffe5-540b-4c34-bca3-3c0cbf110dc3,
ab838205-779b-4863-be63-eb4a87ab978e,
0204edd3-1e6b-4f8c-bad6-f87633f35069,
10c009f9-3d78-40de-953b-ba7a3308b85b,
e138bcbf-3aa7-44e3-b87b-6427e59eb35e,
652b180b-3a14-46be-a3a2-462885964ae0,
e8096351-327d-449e-837a-99750f239666,
87fc74ef-60f2-4be8-852c-1d99a30f2ead,
5011ec38-305d-4285-ac9a-6130295cf813,
5b89fc74-e598-4fab-a3e2-af2ea0a64a6f,
a9e9d3fb-9fd5-45c4-aefb-eda804de3137,
9df27b21-c3b6-4c16-a4ad-80ed0f0e57fb,
c57f9453-60a2-492f-8795-3156db13b4aa,
b20c2b0a-e7de-4a7c-aead-fda0ff710a28,
72dd9fd1-e11e-4e5f-9f24-c77644ee4597,
ba909238-a7be-4858-a61b-be3b40857f24,
2500a5ee-b8ab-4f89-b23f-af913b02b1a5,
5fd43db5-f13b-4be2-977c-a5803fc1e96d,
5341ad3f-d8bd-45f7-b6d7-468efb738e54,
b7117044-8ac6-48ee-b831-dc37f1cf6416,
60480a68-3ce7-4716-8925-2a8c2b3465d7,
ae46ebf5-b6a8-493e-9be9-4d1cfdbdbee5,
e1864e37-d160-43b0-8418-feb39be4225d,
b7479cf6-3476-49d3-b74b-b5c27da6f6a3,
87255c1f-7724-405c-a6b5-f070c70936d0,
d2111036-bff3-4a8b-9842-edef2426f5e2,
0306a83e-7e4c-4364-9bfc-3047e96ad9fc,
16481496-fe10-4c63-b597-922b88628b37,
ba563c42-859d-4736-87b4-ad8ad8d5e780,
49157527-1c5d-431a-a494-aad412a93250,
01e9df76-6c55-4be4-b9d8-8002af9d1ba6,
e1957eff-52f8-4222-9a7c-d7fa616041c3,
98632def-efd0-4b9a-bf8c-78268e71d410,
ccbe8a7e-90a2-47a9-b365-982d59ee8625,
fdd373e0-2e18-4afc-9636-8c96f68a15a5,
bc2cd950-6c24-42a7-8e44-00320ea311e0,
d2201ffa-fecd-4680-9ecc-0531e6335d73,
702026e1-b124-480a-8720-15c8ce4aaa64,
0a0f72b8-d684-4e28-af08-e27977463fd9,
ac9d960b-d96e-4873-978c-49e4156718a6,
0bdd5d26-b241-4e0f-91ea-fd243dac6381,
f8037935-fd30-4ef2-97ac-da69f4775d94,
8d83b6b4-e8ae-4c36-82b8-b9062c961aa0,
3fc4e816-4d1e-4e8b-b25a-dd456a665bf2,
6abb4df7-de21-44d9-bc47-65c37986e0d7,
4d19f056-48b4-4f9e-bd81-ee1897d1ada0,
654027f0-9134-41ba-8933-8172f6969250,
85b9a10d-5551-4446-9098-81899c19735f,
e93b73a4-1d30-4683-b33f-acc871e85de6,
41f64b0e-fa67-44a8-904b-358f673f4f9d,
e7480740-cd72-4a73-928d-585caf509f66,
acb94b13-0510-4d37-94db-7f8fc3b89986,
dab73afe-b623-475c-9587-942cad0b88fa,
5d4ab849-2798-49b1-ba6f-a1cb6228d471,
4499675b-8431-4568-ba12-deed63b4cb08,
d746fe56-75ca-4733-bed4-916d09932df4,
1d587ea7-1cc7-44b5-96bb-04e90142e544,
e005598d-92ba-40f7-aecb-53ce2ac10629,
aeca7cb6-30d4-40b4-bc39-ba4be17acc8e,
7053da28-740a-49ce-ba4b-1f6673a04e2e,
7dfd03dd-381e-4872-a595-b5463fdb4b4e,
7bad4c39-1aae-4b79-b0d6-83bf0e5c5939,
94f9aa9a-22a4-4b6d-b4fd-6bd4831a7611,
4c04465c-bb8d-470e-a82c-a9bf0d8513cf,
4f28c4c8-ce45-447c-8c33-9b5974d652fb,
476cfe07-6f9f-4a4c-b3ff-84065c8a34db,
c2e19cac-28f2-4353-b8ca-fbf3dc178bab,
12fb3775-2673-4fd0-9c2e-322dc8aebe32,
7ba8e085-ceb2-4a34-bc07-c14e267165d8,
f61b5896-6b79-4496-a524-8a6a45613f5c,
d27987b3-8022-4d2c-ac60-e1ba91b4eeee,
a5b799c3-8b0c-46fb-a18b-23fdb51ececb,
414e2d76-ad83-4083-9d57-895b0fdf7b88,
3fb65eda-cf6d-4ee4-abe0-0bfe96cac0f1,
84a6e97f-5ff7-4739-bc74-7826c65698c2,
6a33b154-f57a-4ad3-9c84-30ce1358bb99,
f3102384-c088-48d2-afd8-d667281a0619,
07f96823-c31c-4cd8-89ab-8191fb9e7b45,
28d85399-b1a9-47aa-bdae-11f57f301e43,
cc6728c1-ed23-44f1-8122-a7d9a1572427,
5a898f0d-ce3f-455c-a39f-1ea29829589d,
dc9ea5ff-da8e-4fe4-b71f-34c5555f7005,
411a3c06-73ae-4043-89ff-883315e58a32,
45d780cf-9cc7-4ba6-ad32-7c9d7a056d79,
5261b1ca-6f0b-4b9f-aa6a-1b15df355b09,
4a00586d-c825-453b-8203-2433c18637e5,
134135cc-47c7-4728-a0f8-009f60f20cc8,
f778a099-5fe3-476f-a6a0-290397de672a,
0ee61b09-e122-49dd-8d7f-b483169fb729,
57d0f0fa-2f19-4d71-82d6-4cedda7501df,
fd62917f-3dfe-461e-a31a-219eec7fbd02,
e3eaf1dc-5ff8-4a98-a3c5-99b32f47168c,
842d8700-d74e-4d6b-ba50-dc8f849205af,
f2963a25-f5d9-4ad6-b4fb-4a21d79ef362,
09d45817-9e0a-4ebb-a168-5b2dc00374a8,
47146cd0-778d-45ad-82a1-af1b022325b0,
2ab0ea9b-c749-4cc7-8e16-01cb7c21fe09,
d8bbc3c1-fb4e-41bc-990a-3773c0bb5906,
9a785e45-9f30-4b8e-865b-2ab04fb98319,
6111651d-01ec-4367-8327-5839f634231b,
010c0e9a-92dd-40e5-8242-0ef790e0cc3c,
a5240473-dbad-49dc-9ff9-57236cd63be0,
006ac0dd-703b-42bc-8498-5fef55821ab3,
4104b3dd-e4a1-4938-b035-b92ad8f086ed,
6dcd4372-e4d0-41d2-9c1f-a16fb135d3ee,
f744af0c-237c-4fb6-80b0-fdc08de324d0,
41cb0df2-b597-40a5-a3f0-a3f37b602608,
40780a37-269b-4086-88c2-555eda2f42b6,
8f6b6285-dfe8-4a02-95a6-26ec3e9b748c,
b3b1149b-de20-4105-9548-cd0f46a52aa3,
6bf8eaa4-c832-40ce-93b7-e36bd8188c85,
7ac6a0d0-6714-4413-91c1-43fe48978ffc,
4aecd5b4-9943-4d23-8cd6-51375248f199,
a5863e23-b0f9-4c0d-98ce-2af194986790,
f1f702ef-7081-466d-9005-035a0b14082e,
e0315775-2a0b-4fe1-a35d-67bce0ae48bc,
df022704-9656-4db7-b6c4-e849d7794d28,
3a390090-bf1a-4f76-a342-7536b8582173,
873ecf96-68b9-4912-b172-e252076ac479,
effabd49-4301-43b0-87e0-9020e7ed87af,
3c482a5d-74f0-418d-8aa3-781a4895a55d,
47929ffc-3c55-455c-9ecc-6b1b2af3af0e,
2f6386aa-bb3d-4bd5-aef8-d9bead0e06f3,
9de1ab75-c824-4905-8466-063409bd672d,
fdb7389e-3f68-41d2-8fda-9a59ae8283f9,
c0261411-7a0c-4edb-b37a-6249d5ce7f32,
9c945af0-91a3-46e3-9fe0-b19ac923cc9d,
c1fb252c-7d47-44fe-b8bc-4cadbd94461a,
2e35973d-5742-47e4-97ca-b929753e7980,
f9ead1d7-3b05-4b34-b90f-f28765ca16ea,
eb79f754-bd7f-4a20-a3b7-3a5b0724c050,
49b2833f-821d-42f9-8fe4-96903ba860cd,
687c3bea-449f-46e1-b64c-8d0a8f4a5eba,
434bee23-3c3c-4b60-a782-a16baa42cd72,
386ee80c-4164-4abc-9f37-02777adb5424,
f66d19ed-8728-4319-b03d-5eadfa646dfd,
2f78cbcf-5c74-490f-854b-e1fd5db2793e,
e9c96b47-1763-4f81-87a6-d3c9dd6a3519,
d1063299-ea52-418e-a374-f0d46d5322d0,
5b33e8a3-cbfb-4821-9c95-4767714cdbc9,
5d246b78-13f0-4084-ba29-01e80a4e0e9f,
ac6846b2-dc34-444d-92bf-1e31065db821,
79d17435-e229-46b9-8cb7-64ded538ed5b,
d4438f7b-724f-4341-a0bb-5b9018a267c2,
e034143f-913b-4404-979d-5efd0b6c9be0,
7296e830-7b37-46ef-9366-939c94d2a225,
940ea76e-475d-4c9b-a694-918fa357944f,
a112004e-4cb9-40f6-869b-154daf0a93a1,
00a1d700-92f4-4f8c-b6ee-5a8e6fae1422,
2177f7c8-6976-4233-88af-0204cd4695a4,
5fe57a65-4331-4192-87d0-e73d9bbc6d6f,
405564f1-15c5-44b0-9b1c-cee674b64ba9,
fb921327-c68a-4e65-9cf4-4deee5907818,
e81f4b24-dc3f-4e1e-aece-ae6aad14a534,
a128491a-7eec-4ff0-8a9f-8dcb2e71e3f2,
adc0b2f3-bf5d-4124-9cc1-de289f8329eb,
40863681-6484-4ece-bc15-64cfad3cb630,
a4b0b469-dee2-4e03-8b06-d836ecd6d614,
bf70d478-4211-41b1-adbd-0adc0416f539,
042c94f5-5388-4b10-ac7c-2628a81cf4c3,
d57cb703-7a28-4036-86bf-e518924ea0bd,
bfd7e61d-fc35-422c-9e41-dc0718997715,
48247f31-23ff-4d88-8093-26f3781ae97e,
d6ed1767-4750-4904-aaef-8bae7afe7db2,
5100258b-5f3e-41bf-b13a-7df2375e906d,
1720e73f-a6df-467c-9914-ebc144634969,
239d4f43-86cc-4d7a-8c64-063a7d91e9d9,
13c04f30-877b-42fd-9aeb-d1dae0716594,
cdf30fcf-2606-4df8-ba3f-054762382ed0,
e5ebdce7-12c0-42bc-9a5a-13df807cacdd,
cded3c86-08f4-42fe-bfd0-771b8798399e,
e3163800-3c34-41f8-a15e-5e6e4993a656,
ff85195f-0d97-4447-9057-06e1ed80c687,
d82306aa-cfa1-40d3-9e8a-99ae0298dd79,
881c2c0d-17f6-40a9-bced-72176d99b233,
530162a4-50d9-4117-8ef5-acea841ed7ca,
cae6a5e2-a745-4b25-9588-b92b3f4b9da7,
6e2ce77c-f757-4d6d-941d-8c9bad5704bd,
4f54d3fd-58c3-4aff-84d7-2a85ddb4e497,
bc71214d-a88b-4f54-8ec7-124e1dbd23ee,
9e37b9c9-e9e9-48ec-816b-25180456f446,
a8822def-677b-4c09-ba50-1e70fd41beee,
6c27e074-b958-420b-819b-891f84f2fc8d,
e20cb0c0-a92e-45db-b4e7-a38a02057d3e,
458fab66-4659-4794-8b5f-9da048e3d53e,
28d09e56-3c32-4b5c-aa06-68977776ef8b,
24356835-a2fe-443b-8b2e-bdd1c7b28273,
74208675-5a86-4a88-a4f2-f7ad3d7f851a,
1c50e269-625e-4800-bea9-07bd22c7bd77,
bbc3305d-2328-4c2b-bf48-64c4dbcfbd5a,
c833763e-e38f-4762-8813-57466c3609ba,
83b14b82-4a1a-435e-a9c7-0dde783eb26d,
9e4631db-7099-448f-9f8d-5ff767a4e32f,
d059bc42-5ae3-4394-a327-ada0d862dd7c,
11147f52-b252-4bc5-a53e-09056a65c899,
b94c76d5-ddcd-4001-9dc8-5043ebde92c6,
5e206b5a-0edd-4bd1-88cf-28a77623e7d2,
70d3a625-b12f-4604-8a6b-66d50e8c1a22,
9e74e46f-a4d0-4ecf-a93e-b999b3b5b33e,
5e9f40a8-2b2d-4d79-ae29-d47f68f4f352,
77cb0705-86a7-44e6-b259-240b18b7408b,
ddf7bf74-de25-4352-b33a-8796af3b7434,
9ddd40c3-0d50-4217-9fe7-951b82dfde80,
400c32d4-958c-4c0c-b801-f20f8c444da1,
33f6972e-c63b-4ce2-bb80-9ccc7bd0ad76,
ecc54e0c-caac-46c2-a9d9-b4e70f87ba7d,
d292a491-abef-442e-a08f-2a859b9bc21b,
8a2456b9-362b-418a-92d2-a59b7e0bda83,
20ab7ee4-2d18-414f-bf85-0b67ef880df3,
8fda82cd-1bdb-4ae0-87b5-73602e8f009a,
d37bfbf9-796e-4777-9972-9cfe949aa75c,
46b213b2-04b6-4a88-9182-159aae1cf385,
8da060b2-7e4d-4956-895c-dcf6379c2f3b,
da50595e-583f-449e-8468-b896a71e6edf,
1593b41d-01e2-4986-a7d0-088ebb76ba44,
51945753-0d48-4cee-ab2a-00a75aef77a5,
e3e0c521-788f-4d2e-936d-74a1cbca0325,
efbe7e0f-8432-44c3-b807-13f65c6f24a0,
7b2ebb0f-886e-4f85-8cea-075caed69783,
43347476-1742-464a-a441-94bd66a9aeb7,
ef198e29-25a1-420d-826c-aaa5bd886e26,
5cfd8bb1-7af4-4403-add6-de8f8a173130,
94d15836-455f-4cdd-966e-dbb0e93ff874,
02a9e081-2f02-40ae-aaf1-cc534f79d308,
e683cf48-566e-4220-8d77-7339915b96a4,
44b53bdb-1b8a-4628-a44d-c09561f10ead,
10d1d021-52b4-4848-8025-8b1a78abecf3,
f745b038-f70d-43d5-a3c0-d13aa196dd81,
7e267518-3977-4fc4-aae3-b37a8642093d,
eb434154-6c2c-41ea-bb6d-790dc0be6fb6,
321ed8ce-a673-4912-8314-76020c3bcdb4,
18e42a08-d07e-4f13-aae8-c08f95c4fdc6,
12307d5f-52eb-4bf7-a42b-1ad838b9525a,
b9fe6657-0897-4ef7-acc5-38b4e4df62ec,
a172a380-04fc-4d41-89af-a731c4b6f968,
8d04ede8-c35e-4a5a-98e9-6650ebad8054,
9794bc7f-b628-4a8d-a127-3974a6e9b3f4,
68d800ff-f957-4a36-ae9c-9af24e221c37,
8c34ee76-d227-4a29-96e1-84647be50fdd,
24c92da1-7f0b-49de-930c-85d395efcf48,
d86c2512-42c4-472a-b483-d4d06b898a11,
35ca2c5e-7b9b-4138-af1c-6ca9a0ae090c,
c270ef5a-e1d7-43b4-b855-0e1ffc632416,
6a7772e6-5da8-405c-9f5a-4e9f817e5765,
a83b658e-5a26-4b56-82e4-8879c3d34d42,
e132687b-d571-4aca-b44f-613c2ebe2786,
114e3805-4f76-4ab9-af94-7c1a7fa8cf48,
4746a26b-f4cb-483f-b7d3-00f40ad66e61,
6b3e2795-7ac6-45a7-8530-6d6090539067,
5ededd0d-b75f-4461-b1a8-e348684fdd9a,
a7c7e029-8768-4567-bf2a-7dbf78c79125,
821a4661-efe9-4017-9259-8151ec025dad,
facd6d06-ed61-4898-8af6-80464164c6f7,
164efc0e-b2e4-4e0b-8444-d42082c22b47,
3dc49432-d28b-474a-9e6f-122e6d9ecc36,
56c53546-b9d1-464e-91a6-ecdb61bb258b,
c8784aef-beb6-44de-bc92-ae279d816897,
0f0c409b-719a-4ca5-8a20-a08221e10f9f,
a5ad4b26-a49e-48cb-876c-067831cb0f11,
862e53c9-342e-4e0a-ac31-d910bcd8fc41,
28033feb-6d85-4603-92ff-c2feca1098dd,
fdede5b4-ca34-41c5-9938-995c83fc54a2,
099aa80c-c6c6-43a3-9c94-a45c775c311b,
ac707b0e-28f6-4795-8b49-e5217bd35006,
a07aaaf3-5c91-46d7-95dc-74a20b51f76d,
d3753ccf-f728-4990-9508-aff81d4bbfef,
5b29ca62-c0f5-431f-845a-96026764169e,
a2d09941-f50b-4b36-8421-6f66f6454373,
cea3424e-31f5-4609-a3e4-3ce9b411540c,
0a15a6d8-b098-443d-aeb7-153d8a75ade5,
6ae6de55-2ad5-4839-bb29-6f9641bbda67,
0b41b137-353d-4ba1-a32a-8f9d12823495,
4b9d27e0-e887-4a82-bbe3-e385cfedda03,
2510bd00-bdef-44a4-9df4-8f85c92185cf,
769c4183-6aa2-4065-9802-9735b16d819a,
0a9a0abe-5d74-4f2a-9d11-58a4b66fe31f,
e669c664-7c6f-4833-a21a-5a10cc903d2b,
05a001d7-ea4f-478c-a6b8-47a6004a2a86,
fb976f61-9fee-4a5f-8b86-4d2969138e3d,
b1bfa466-c563-4948-8b25-d93256e14dd8,
205887e0-2f8f-4a1e-b0b3-674e7573f530,
68f8fe7b-de6f-476e-9c7a-4c9c5d9b7f49,
38f0f899-2d9b-42d5-a8e7-9222994b2b6f,
6e54a8a9-4b35-4967-9c9a-e9177ccbd38b,
119a46dd-0f39-4e4a-8f8f-501685cb63e7,
c18106db-bd69-4ac3-a8eb-554ad8af7b3a,
4d314e9d-0db7-4c65-98bd-a30763f60ca8,
f78abade-10c0-4a81-9109-cdcbdaaf00e7,
70723666-fda7-4d84-b53b-7bdd62ab770f,
fe16233a-8ef1-4579-b28c-8a0f31a9fa32,
7ebb59f4-a7bf-47c6-9543-299dbd0836de,
03c85f28-25fc-48fa-b6e6-28379302bc2e,
b5a4904f-6de4-45c8-9a10-36e9ba2f1321,
c21a28bd-56e0-4f2c-99ce-5276794f9706,
fe607fbd-0f57-4d8d-9746-113449ab7b0e,
626f4ad5-8f1b-4a0a-b379-a536e1704c2a,
d7cb8df0-f0c2-415d-b6c4-dbd0d54dfbf8,
f3d40398-9c17-42e5-ad62-ccde0b385e44,
44f6876d-cd44-47e4-a192-82b6ab53111f,
92d0bfc6-60e5-4f1d-bca3-b8f7c8203abf,
45d1d13a-7d10-4127-98ce-7713c4bb38c0,
a0d18896-c1c1-4082-9ed4-825eefc39cee,
e339228c-9b6a-4686-9804-18b8a5de59db,
59562bbe-731a-4587-bc89-361ed7a132b4,
dfac9d60-63b7-4a88-b317-a9f71e936329,
1477905d-12c0-4fec-97f7-65be9b3d9aec,
35d721a2-fcb6-4e39-ae42-205c22ccfb11,
6c282e03-5528-4b81-8cd1-93a56ab80744,
589597b7-966e-4acd-96d2-d4dcd8440a02,
e90509f3-3b61-46ec-b175-a0ae1770c647,
f5571bd5-f3ff-4e29-8aee-b6913c6369ca,
2a938313-7198-483f-8758-3b77bdb56f83,
d7630b9f-0741-4156-a2e3-18206c83d50a,
ebd6950a-a84a-40f5-8411-2d440b20300a,
1a27fc31-5e0c-42bc-9592-7b369948ad12,
7a8502c9-3ab5-46fe-a024-7497fd7cde1b,
82d8f77c-3d55-4708-a000-4732d0e58155,
fb0709a0-2c29-4c52-989b-238a948d7584,
54d14209-0df5-4f27-886d-580e9b091d60,
9d256420-38c6-42f5-89fa-9b46a17ff1fa,
5081e5d8-b097-403b-b9b0-b8112b83862a,
c9fc0e19-51bd-45b4-bdba-8732646b59d5,
19fa226d-14cb-4409-9b9a-b5b6bd29301d,
4e5e2778-a575-45b2-b762-83806f8cecfd,
c30833ba-2ef6-40cc-bf42-9dcff3d689ad,
da72bc16-3ed4-4458-a60c-7b2f3183fed8,
bcbdac34-889b-4bda-b752-a1979d11e52c,
dee8fe3d-05c5-4b9e-acc3-39e7978d19f6,
