question_id,status,error
811f9fc2-fdaf-4990-bdc8-2f5c0dfd2848,failed,Failed after retries
9a674726-3bb8-4f69-a1d2-24fdc74bf6f0,failed,Failed after retries
43b357ef-9cc8-4d2b-82ab-84d4128e6fbb,failed,Failed after retries
6bd657e8-2ec2-4194-b1ad-6df65ac29b8c,failed,Failed after retries
2a1356e3-3c87-449c-8113-a0983a7a9292,failed,Failed after retries
c492f075-cdcf-4007-a494-ac81b08a1e81,failed,Failed after retries
f05ba2fc-f3f7-455c-8b9b-3fed024edf0d,failed,Failed after retries
75e58c85-e96b-4e74-8455-956dc87e7d3b,failed,Failed after retries
5eb8455b-2b41-4776-905f-1bab430b40eb,failed,Failed after retries
ef24cba5-a62a-4243-b469-6055e6ef0099,failed,Failed after retries
